{
  "n_candles": 670,
  "hours_back": 168,
  "up_count": 323,
  "down_count": 347,
  "avg_volume": 167443.1737823404,
  "fetched_at": "2026-01-21T21:17:26.692039"
}